<?xml version="1.0" encoding="UTF-8"?>
<module><meta><versionid>20170602011435</versionid><priority>10</priority><server>http://sfh.vtrmob.com</server><sequencing>none</sequencing><tags>ifihan,Introduction</tags><exportversion>2017011400</exportversion><title lang="en">ifihan / Introduction</title><shortname>ifihan-introduction</shortname><description lang="en">Eleyi ni awọn Iṣaaju (This is the Introduction)</description><langs><lang>en</lang></langs></meta><structure><section order="1"><title lang="en"><![CDATA[Topic 1]]></title><activities><activity type="page" order="1" digest="80d222fe732f65ce64d392a6127eb1a0602"><title lang="en">Welcome Letter</title><location lang="en">01_602_en.html</location></activity><activity type="page" order="2" digest="9db5118057384f8ea34b307a8c2e21b3603"><title lang="en"> kaabo Lẹta</title><location lang="en">01_603_en.html</location></activity></activities></section></structure></module>
